Message Version,1.0.0,
Drone Serial Number,69420,
Drone Powered Age,0,s,
Drone Armed Age,0,s,
Raw Data Filename,RAW_06-26-2026_16-17-08_2.csv,
Unix Start Time,1782490641,s,
Ground Wind Speed,0.0,m/s,
Ground Wind Direction,0,deg,
Ground Air Temperature,0.00,C,
Ground Humidity,0.0,%,
Ground Pressure,0.00,mB,
Home Position Latitude,0.000000,deg,
Home Position Longitude,0.000000,deg,
Home Position Altitude,0.0,m,
Altitude ASL,UTC Date,UTC Time,Time Since Start,Pressure,Air Temp,Rel Hum,Wind Speed,Wind Direction,Latitude,Longitude,Roll,Roll Rate,Pitch,Pitch Rate,Yaw,Yaw Rate,Ascent Rate,Speed Over Ground,Satellites,HDOP,Data Quality
m,MM/DD/YY,HH:MM:SS,s,mB,C,%,m/s,deg,deg,deg,deg,deg/s,deg,deg/s,deg,deg/s,m/s,m/s,N/A,N/A,N/A
362.5,06/26/26,16:17:23,0.00,970.44,21.99,55.4,3.2,203,35.222610,-97.439473,-1.0,-0.7,3.6,0.8,-156.5,0.0,3.0,0.2,16,0.9,0
367.5,06/26/26,16:17:25,2.00,969.74,21.95,55.7,3.4,204,35.222607,-97.439473,-1.2,0.6,3.7,-0.8,-155.9,0.0,3.0,0.2,16,0.9,0
372.5,06/26/26,16:17:27,3.50,969.21,21.91,55.9,4.4,204,35.222604,-97.439473,0.1,1.1,5.0,-0.9,-155.6,0.0,3.0,0.2,16,0.9,0
377.5,06/26/26,16:17:28,5.00,968.69,21.87,56.1,5.4,205,35.222602,-97.439473,1.3,0.5,6.3,0.3,-155.3,0.0,3.0,0.2,16,0.9,0
382.5,06/26/26,16:17:30,6.55,968.16,21.83,56.4,5.4,205,35.222598,-97.439475,0.8,-0.9,6.4,0.9,-154.9,0.0,3.0,0.2,16,0.9,0
